<?xml version="1.0" encoding="UTF-8" standalone="yes"?>
<addon id="repository.mpie" name="[COLOR red]Mpie Addons repo[/COLOR]" version="2.1.0" provider-name="Mpie">
    <extension point="xbmc.addon.repository" name="Mpie Addons repo">
        <dir minversion="18.0">
            <info compressed="false">https://raw.githubusercontent.com/mpie/doofree/master/repo/addons.xml</info>
            <checksum>https://raw.githubusercontent.com/mpie/doofree/master/repo/addons.xml.md5</checksum>
            <datadir zip="true">https://raw.githubusercontent.com/mpie/doofree/master/repo/zips/</datadir>
        </dir>
    </extension>
    <extension point="xbmc.addon.metadata">
        <summary>Mpie Addons</summary>
        <description>This repository contains addons from Mpie</description>
        <disclaimer>The owners and submitters to this repository do not host or distribute any of the content displayed by these addons nor do they have any affiliation with the content providers.</disclaimer>
        <platform>all</platform>
        <assets>
            <icon>icon.png</icon>
        </assets>
    </extension>
</addon>
