<?xml version="1.0" encoding="UTF-8" standalone="yes"?>
<addon id="plugin.video.doofree" version="5.0.7" name="DooFree" provider-name="Mpie">
    <requires>
        <import addon="xbmc.addon" version="17.9.910" />
        <import addon="xbmc.addon" version="17.9.910" />
    </requires>
    <extension point="xbmc.python.pluginsource" library="default.py">
        <provides>video</provides>
    </extension>
    <extension point="xbmc.addon.metadata">
        <reuselanguageinvoker>false</reuselanguageinvoker>
        <summary lang="en">Free as in beer :)</summary>
        <description lang="en">Enjoy!</description>
        <platform>all</platform>
        <license>GNU GENERAL PUBLIC LICENSE. Version 3, 29 June 2007</license>
        <forum/>
        <website>https://github.com/mpie/doofree</website>
        <source>https://github.com/mpie/doofree/repo/plugin.video.doofree</source>
        <disclaimer lang="en">The author does not host or distribute any of the content displayed by this addon. The author does not have any affiliation with the content provider.</disclaimer>
        <assets>
            <icon>icon.png</icon>
            <fanart>fanart.jpg</fanart>
            <screenshot>resources/screenshots/screenshot-01.jpg</screenshot>
            <screenshot>resources/screenshots/screenshot-02.jpg</screenshot>
            <screenshot>resources/screenshots/screenshot-03.jpg</screenshot>
        </assets>
        <news>
            Initial version of DooFree V5!
        </news>
    </extension>
</addon>
